INSERT INTO typ_przedmiotu (kod, nazwa) VALUES ('W', 'Wykład');
INSERT INTO typ_przedmiotu (kod, nazwa) VALUES ('C', 'Ćwiczenia');

INSERT INTO zaliczenie (kod, zaliczenie) VALUES ('Z', 'Zaliczenie');
INSERT INTO zaliczenie (kod, zaliczenie) VALUES ('E', 'Egzamin');
INSERT INTO zaliczenie (kod, zaliczenie) VALUES ('EZ', 'Egzamin i Zaliczenie');

INSERT INTO przedmiot (kod, nazwa, ects, zaliczenie_kod) VALUES ('AM', 'Analiza matematyczna', 6, 'EZ');
INSERT INTO przedmiot (kod, nazwa, ects, zaliczenie_kod) VALUES ('PPJ', 'Podstawy programowania w języku Java', 6, 'EZ');
INSERT INTO przedmiot (kod, nazwa, ects, zaliczenie_kod) VALUES ('TAK', 'Techniki i architektura komputerów', 4, 'E');
INSERT INTO przedmiot (kod, nazwa, ects, zaliczenie_kod) VALUES ('WDZ', 'Wstęp do zarządzania', 3, 'Z');
INSERT INTO przedmiot (kod, nazwa, ects, zaliczenie_kod) VALUES ('WSI', 'Wprowadzenie do systemów informacyjnych', 5, 'EZ');
INSERT INTO przedmiot (kod, nazwa, ects, zaliczenie_kod) VALUES ('HKJ', 'Historia i Kultura Japonii', 3, 'Z');
INSERT INTO przedmiot (kod, nazwa, ects, zaliczenie_kod) VALUES ('ANG', 'Język angielski', 3, 'Z');
INSERT INTO przedmiot (kod, nazwa, ects, zaliczenie_kod) VALUES ('BHP', 'Szkolenie z zakresu BHP', 0, 'Z');

INSERT INTO przedmiot_typ_przedmiotu (przedmiot_kod, typ_przedmiotu_kod, liczba_godzin) VALUES ('AM', 'W', 30);
INSERT INTO przedmiot_typ_przedmiotu (przedmiot_kod, typ_przedmiotu_kod, liczba_godzin) VALUES ('AM', 'C', 30);
INSERT INTO przedmiot_typ_przedmiotu (przedmiot_kod, typ_przedmiotu_kod, liczba_godzin) VALUES ('PPJ', 'W', 30);
INSERT INTO przedmiot_typ_przedmiotu (przedmiot_kod, typ_przedmiotu_kod, liczba_godzin) VALUES ('PPJ', 'C', 60);
INSERT INTO przedmiot_typ_przedmiotu (przedmiot_kod, typ_przedmiotu_kod, liczba_godzin) VALUES ('TAK', 'W', 30);
INSERT INTO przedmiot_typ_przedmiotu (przedmiot_kod, typ_przedmiotu_kod, liczba_godzin) VALUES ('WDZ', 'W', 30);
INSERT INTO przedmiot_typ_przedmiotu (przedmiot_kod, typ_przedmiotu_kod, liczba_godzin) VALUES ('WDZ', 'C', 30);
INSERT INTO przedmiot_typ_przedmiotu (przedmiot_kod, typ_przedmiotu_kod, liczba_godzin) VALUES ('WSI', 'W', 16);
INSERT INTO przedmiot_typ_przedmiotu (przedmiot_kod, typ_przedmiotu_kod, liczba_godzin) VALUES ('WSI', 'C', 30);
INSERT INTO przedmiot_typ_przedmiotu (przedmiot_kod, typ_przedmiotu_kod, liczba_godzin) VALUES ('HKJ', 'W', 30);
INSERT INTO przedmiot_typ_przedmiotu (przedmiot_kod, typ_przedmiotu_kod, liczba_godzin) VALUES ('ANG', 'C', 60);
INSERT INTO przedmiot_typ_przedmiotu (przedmiot_kod, typ_przedmiotu_kod, liczba_godzin) VALUES ('BHP', 'W', 4);

INSERT INTO sala (nr, budynek, pojemnosc) VALUES (101, 'A', 16);
INSERT INTO sala (nr, budynek, pojemnosc) VALUES (102, 'A', 30);
INSERT INTO sala (nr, budynek, pojemnosc) VALUES (103, 'A', 16);
INSERT INTO sala (nr, budynek, pojemnosc) VALUES (104, 'A', 30);
INSERT INTO sala (nr, budynek, pojemnosc) VALUES (201, 'A', 16);
INSERT INTO sala (nr, budynek, pojemnosc) VALUES (202, 'A', 30);
INSERT INTO sala (nr, budynek, pojemnosc) VALUES (203, 'A', 16);
INSERT INTO sala (nr, budynek, pojemnosc) VALUES (204, 'A', 300);
INSERT INTO sala (nr, budynek, pojemnosc) VALUES (101, 'B', 16);
INSERT INTO sala (nr, budynek, pojemnosc) VALUES (102, 'B', 30);
INSERT INTO sala (nr, budynek, pojemnosc) VALUES (103, 'B', 16);
INSERT INTO sala (nr, budynek, pojemnosc) VALUES (104, 'B', 30);
INSERT INTO sala (nr, budynek, pojemnosc) VALUES (201, 'B', 16);
INSERT INTO sala (nr, budynek, pojemnosc) VALUES (202, 'B', 30);
INSERT INTO sala (nr, budynek, pojemnosc) VALUES (203, 'B', 16);
INSERT INTO sala (nr, budynek, pojemnosc) VALUES (204, 'B', 300);
INSERT INTO sala (nr, budynek, pojemnosc) VALUES (101, 'H', 16);
INSERT INTO sala (nr, budynek, pojemnosc) VALUES (102, 'H', 30);
INSERT INTO sala (nr, budynek, pojemnosc) VALUES (103, 'H', 16);
INSERT INTO sala (nr, budynek, pojemnosc) VALUES (104, 'H', 30);
INSERT INTO sala (nr, budynek, pojemnosc) VALUES (201, 'H', 16);
INSERT INTO sala (nr, budynek, pojemnosc) VALUES (202, 'H', 30);
INSERT INTO sala (nr, budynek, pojemnosc) VALUES (203, 'H', 16);
INSERT INTO sala (nr, budynek, pojemnosc) VALUES (204, 'H', 300);
INSERT INTO sala (nr, budynek, pojemnosc) VALUES (301, 'A', 16);
INSERT INTO sala (nr, budynek, pojemnosc) VALUES (302, 'B', 30);
INSERT INTO sala (nr, budynek, pojemnosc) VALUES (303, 'H', 16);
INSERT INTO sala (nr, budynek, pojemnosc) VALUES (304, 'A', 30);

INSERT INTO osoba (imie, nazwisko, konto_bankowe) VALUES ('Jakub', 'Sterczewski', 'PL62209010540000071219812874');
INSERT INTO osoba (imie, nazwisko, konto_bankowe) VALUES ('Jan', 'Kowalski', 'PL61109010140000071219812874');
INSERT INTO osoba (imie, nazwisko, konto_bankowe) VALUES ('Anna', 'Nowak', 'PL27114020040000300201355387');
INSERT INTO osoba (imie, nazwisko, konto_bankowe) VALUES ('Piotr', 'Wiśniewski', 'PL02105014451000009123456789');
INSERT INTO osoba (imie, nazwisko, konto_bankowe) VALUES ('Katarzyna', 'Wójcik', 'PL49116022020000000000000001');
INSERT INTO osoba (imie, nazwisko, konto_bankowe) VALUES ('Tomasz', 'Krawczyk', 'PL48175000090000000000000002');
INSERT INTO osoba (imie, nazwisko, konto_bankowe) VALUES ('Michał', 'Lewandowski', 'PL12109010140000071234567890');
INSERT INTO osoba (imie, nazwisko, konto_bankowe) VALUES ('Monika', 'Zielińska', 'PL80114020040000300234567890');
INSERT INTO osoba (imie, nazwisko, konto_bankowe) VALUES ('Krzysztof', 'Szymański', 'PL54105014451000009111111111');
INSERT INTO osoba (imie, nazwisko, konto_bankowe) VALUES ('Barbara', 'Woźniak', 'PL32116022020000000000000003');
INSERT INTO osoba (imie, nazwisko, konto_bankowe) VALUES ('Paweł', 'Dąbrowski', 'PL10175000090000000000000004');
INSERT INTO osoba (imie, nazwisko, konto_bankowe) VALUES ('Ewa', 'Kozłowska', 'PL19109010140000071234567891');
INSERT INTO osoba (imie, nazwisko, konto_bankowe) VALUES ('Andrzej', 'Jankowski', 'PL78114020040000300234567891');
INSERT INTO osoba (imie, nazwisko, konto_bankowe) VALUES ('Magdalena', 'Mazur', 'PL55105014451000009122222222');
INSERT INTO osoba (imie, nazwisko, konto_bankowe) VALUES ('Marcin', 'Kwiatkowski', 'PL33116022020000000000000005');
INSERT INTO osoba (imie, nazwisko, konto_bankowe) VALUES ('Agnieszka', 'Krawczyk', 'PL11175000090000000000000006');
INSERT INTO osoba (imie, nazwisko, konto_bankowe) VALUES ('Tadeusz', 'Piotrowski', 'PL14109010140000071234567892');
INSERT INTO osoba (imie, nazwisko, konto_bankowe) VALUES ('Zofia', 'Grabowska', 'PL86114020040000300234567892');
INSERT INTO osoba (imie, nazwisko, konto_bankowe) VALUES ('Rafał', 'Nowicki', 'PL56105014451000009133333333');
INSERT INTO osoba (imie, nazwisko, konto_bankowe) VALUES ('Natalia', 'Pawłowska', 'PL44116022020000000000000007');
INSERT INTO osoba (imie, nazwisko, konto_bankowe) VALUES ('Grzegorz', 'Michalski', 'PL22175000090000000000000008');
INSERT INTO osoba (imie, nazwisko, konto_bankowe) VALUES ('Aleksandra', 'Adamczyk', 'PL16109010140000071234567893');
INSERT INTO osoba (imie, nazwisko, konto_bankowe) VALUES ('Wojciech', 'Czerwiński', 'PL92114020040000300234567893');
INSERT INTO osoba (imie, nazwisko, konto_bankowe) VALUES ('Patrycja', 'Sikora', 'PL67105014451000009144444444');
INSERT INTO osoba (imie, nazwisko, konto_bankowe) VALUES ('Jarosław', 'Walczak', 'PL55116022020000000000000009');
INSERT INTO osoba (imie, nazwisko, konto_bankowe) VALUES ('Dorota', 'Baran', 'PL33175000090000000000000010');
INSERT INTO osoba (imie, nazwisko, konto_bankowe) VALUES ('Łukasz', 'Lis', 'PL18109010140000071234567894');
INSERT INTO osoba (imie, nazwisko, konto_bankowe) VALUES ('Iwona', 'Wróbel', 'PL74114020040000300234567894');
INSERT INTO osoba (imie, nazwisko, konto_bankowe) VALUES ('Dariusz', 'Zając', 'PL49105014451000009155555555');
INSERT INTO osoba (imie, nazwisko, konto_bankowe) VALUES ('Beata', 'Kot', 'PL38116022020000000000000011');
INSERT INTO osoba (imie, nazwisko, konto_bankowe) VALUES ('Sebastian', 'Szczepański', 'PL17175000090000000000000012');
INSERT INTO osoba (imie, nazwisko, konto_bankowe) VALUES ('Renata', 'Olszewska', 'PL20109010140000071234567895');
INSERT INTO osoba (imie, nazwisko, konto_bankowe) VALUES ('Marek', 'Chmielewski', 'PL96114020040000300234567895');
INSERT INTO osoba (imie, nazwisko, konto_bankowe) VALUES ('Halina', 'Borkowska', 'PL77105014451000009166666666');
INSERT INTO osoba (imie, nazwisko, konto_bankowe) VALUES ('Adrian', 'Sawicki', 'PL65116022020000000000000013');
INSERT INTO osoba (imie, nazwisko, konto_bankowe) VALUES ('Karolina', 'Głowacka', 'PL43175000090000000000000014');
INSERT INTO osoba (imie, nazwisko, konto_bankowe) VALUES ('Tomasz', 'Kubiak', 'PL22109010140000071234567896');
INSERT INTO osoba (imie, nazwisko, konto_bankowe) VALUES ('Joanna', 'Andrzejewska', 'PL68114020040000300234567896');
INSERT INTO osoba (imie, nazwisko, konto_bankowe) VALUES ('Roman', 'Czarnecki', 'PL40105014451000009177777777');
INSERT INTO osoba (imie, nazwisko, konto_bankowe) VALUES ('Klaudia', 'Sadowska', 'PL29116022020000000000000015');
INSERT INTO osoba (imie, nazwisko, konto_bankowe) VALUES ('Ryszard', 'Wasilewski', 'PL07175000090000000000000016');
INSERT INTO osoba (imie, nazwisko, konto_bankowe) VALUES ('Izabela', 'Mróz', 'PL24109010140000071234567897');
INSERT INTO osoba (imie, nazwisko, konto_bankowe) VALUES ('Artur', 'Tokarski', 'PL90114020040000300234567897');
INSERT INTO osoba (imie, nazwisko, konto_bankowe) VALUES ('Elżbieta', 'Markowska', 'PL62105014451000009188888888');
INSERT INTO osoba (imie, nazwisko, konto_bankowe) VALUES ('Jacek', 'Urban', 'PL51116022020000000000000017');
INSERT INTO osoba (imie, nazwisko, konto_bankowe) VALUES ('Anna', 'Szulc', 'PL29175000090000000000000018');
INSERT INTO osoba (imie, nazwisko, konto_bankowe) VALUES ('Mariusz', 'Tomczak', 'PL26109010140000071234567898');
INSERT INTO osoba (imie, nazwisko, konto_bankowe) VALUES ('Sylwia', 'Rutkowska', 'PL82114020040000300234567898');
INSERT INTO osoba (imie, nazwisko, konto_bankowe) VALUES ('Damian', 'Kaczmarek', 'PL53105014451000009199999999');
INSERT INTO osoba (imie, nazwisko, konto_bankowe) VALUES ('Paulina', 'Michalak', 'PL42116022020000000000000019');
INSERT INTO osoba (imie, nazwisko, konto_bankowe) VALUES ('Kamil', 'Król', 'PL20175000090000000000000020');
INSERT INTO osoba (imie, nazwisko, konto_bankowe) VALUES ('Emilia', 'Janik', 'PL10109010140000071234567899');
INSERT INTO osoba (imie, nazwisko, konto_bankowe) VALUES ('Patryk', 'Kubiś', 'PL77114020040000300234567899');
INSERT INTO osoba (imie, nazwisko, konto_bankowe) VALUES ('Olga', 'Sikorska', 'PL54105014451000009100000000');
INSERT INTO osoba (imie, nazwisko, konto_bankowe) VALUES ('Konrad', 'Barczak', 'PL43116022020000000000000021');
INSERT INTO osoba (imie, nazwisko, konto_bankowe) VALUES ('Aneta', 'Musiał', 'PL23175000090000000000000022');
INSERT INTO osoba (imie, nazwisko, konto_bankowe) VALUES ('Marta', 'Rogowska', 'PL12109010140000071234567900');
INSERT INTO osoba (imie, nazwisko, konto_bankowe) VALUES ('Krzysztof', 'Leszczyński', 'PL68114020040000300234567900');
INSERT INTO osoba (imie, nazwisko, konto_bankowe) VALUES ('Alicja', 'Zawadzka', 'PL46105014451000009111111112');
INSERT INTO osoba (imie, nazwisko, konto_bankowe) VALUES ('Piotr', 'Maj', 'PL35116022020000000000000023');
INSERT INTO osoba (imie, nazwisko, konto_bankowe) VALUES ('Justyna', 'Cieślak', 'PL15175000090000000000000024');
INSERT INTO osoba (imie, nazwisko, konto_bankowe) VALUES ('Maciej', 'Sowa', 'PL18109010140000071234567901');
INSERT INTO osoba (imie, nazwisko, konto_bankowe) VALUES ('Natalia', 'Bednarek', 'PL94114020040000300234567901');
INSERT INTO osoba (imie, nazwisko, konto_bankowe) VALUES ('Janusz', 'Błaszczyk', 'PL69105014451000009122222223');
INSERT INTO osoba (imie, nazwisko, konto_bankowe) VALUES ('Iga', 'Sokołowska', 'PL58116022020000000000000025');
INSERT INTO osoba (imie, nazwisko, konto_bankowe) VALUES ('Waldemar', 'Kubicki', 'PL36175000090000000000000026');
INSERT INTO osoba (imie, nazwisko, konto_bankowe) VALUES ('Oliwia', 'Jarosz', 'PL14109010140000071234567902');
INSERT INTO osoba (imie, nazwisko, konto_bankowe) VALUES ('Daniel', 'Piątek', 'PL81114020040000300234567902');
INSERT INTO osoba (imie, nazwisko, konto_bankowe) VALUES ('Karina', 'Kołodziej', 'PL63105014451000009133333334');
INSERT INTO osoba (imie, nazwisko, konto_bankowe) VALUES ('Radosław', 'Borowski', 'PL52116022020000000000000027');
INSERT INTO osoba (imie, nazwisko, konto_bankowe) VALUES ('Milena', 'Mikołajczyk', 'PL31175000090000000000000028');
INSERT INTO osoba (imie, nazwisko, konto_bankowe) VALUES ('Edward', 'Sobczak', 'PL20109010140000071234567903');
INSERT INTO osoba (imie, nazwisko, konto_bankowe) VALUES ('Gabriela', 'Malinowska', 'PL96114020040000300234567903');
INSERT INTO osoba (imie, nazwisko, konto_bankowe) VALUES ('Arkadiusz', 'Stępień', 'PL75105014451000009144444445');
INSERT INTO osoba (imie, nazwisko, konto_bankowe) VALUES ('Lidia', 'Kubiak', 'PL64116022020000000000000029');
INSERT INTO osoba (imie, nazwisko, konto_bankowe) VALUES ('Norbert', 'Kaczor', 'PL42175000090000000000000030');
INSERT INTO osoba (imie, nazwisko, konto_bankowe) VALUES ('Paulina', 'Kozioł', 'PL17109010140000071234567904');
INSERT INTO osoba (imie, nazwisko, konto_bankowe) VALUES ('Szymon', 'Urbanek', 'PL83114020040000300234567904');
INSERT INTO osoba (imie, nazwisko, konto_bankowe) VALUES ('Grażyna', 'Szulc', 'PL62105014451000009155555556');
INSERT INTO osoba (imie, nazwisko, konto_bankowe) VALUES ('Witold', 'Czajka', 'PL51116022020000000000000031');
INSERT INTO osoba (imie, nazwisko, konto_bankowe) VALUES ('Klaudia', 'Wesołowska', 'PL30175000090000000000000032');
INSERT INTO osoba (imie, nazwisko, konto_bankowe) VALUES ('Robert', 'Michna', 'PL25109010140000071234567905');
INSERT INTO osoba (imie, nazwisko, konto_bankowe) VALUES ('Ewelina', 'Mucha', 'PL91114020040000300234567905');
INSERT INTO osoba (imie, nazwisko, konto_bankowe) VALUES ('Lech', 'Orłowski', 'PL70105014451000009166666667');
INSERT INTO osoba (imie, nazwisko, konto_bankowe) VALUES ('Iwona', 'Mielczarek', 'PL59116022020000000000000033');
INSERT INTO osoba (imie, nazwisko, konto_bankowe) VALUES ('Mateusz', 'Markiewicz', 'PL37175000090000000000000034');
INSERT INTO osoba (imie, nazwisko, konto_bankowe) VALUES ('Dominika', 'Makowska', 'PL12109010140000071234567906');
INSERT INTO osoba (imie, nazwisko, konto_bankowe) VALUES ('Przemysław', 'Nowacki', 'PL78114020040000300234567906');
INSERT INTO osoba (imie, nazwisko, konto_bankowe) VALUES ('Julia', 'Chojnacka', 'PL56105014451000009177777778');
INSERT INTO osoba (imie, nazwisko, konto_bankowe) VALUES ('Bartosz', 'Witkowski', 'PL45116022020000000000000035');
INSERT INTO osoba (imie, nazwisko, konto_bankowe) VALUES ('Teresa', 'Kołacz', 'PL23175000090000000000000036');
INSERT INTO osoba (imie, nazwisko, konto_bankowe) VALUES ('Marcin', 'Stern', 'PL20109010140000071234567907');
INSERT INTO osoba (imie, nazwisko, konto_bankowe) VALUES ('Aleksandra', 'Wysocka', 'PL96114020040000300234567907');
INSERT INTO osoba (imie, nazwisko, konto_bankowe) VALUES ('Henryk', 'Lisowski', 'PL75105014451000009188888889');
INSERT INTO osoba (imie, nazwisko, konto_bankowe) VALUES ('Sabina', 'Cholewa', 'PL64116022020000000000000037');
INSERT INTO osoba (imie, nazwisko, konto_bankowe) VALUES ('Jakub', 'Żuraw', 'PL42175000090000000000000038');

INSERT INTO transakcja (tytul, data, kwota, osoba_s_numer) VALUES ('Czesne za semestr zimowy', DATE '2024-10-01', 2000.00, 1);
INSERT INTO transakcja (tytul, data, kwota, osoba_s_numer) VALUES ('Czesne za semestr letni', DATE '2025-02-15', 2000.00, 2);
INSERT INTO transakcja (tytul, data, kwota, osoba_s_numer) VALUES ('Rata 1 czesne', DATE '2024-09-20', 1000.00, 3);
INSERT INTO transakcja (tytul, data, kwota, osoba_s_numer) VALUES ('Rata 2 czesne', DATE '2024-11-20', 1000.00, 3);
INSERT INTO transakcja (tytul, data, kwota, osoba_s_numer) VALUES ('Czesne semestr I', DATE '2024-10-10', 2000.00, 4);
INSERT INTO transakcja (tytul, data, kwota, osoba_s_numer) VALUES ('Czesne semestr II', DATE '2025-03-05', 2000.00, 5);
INSERT INTO transakcja (tytul, data, kwota, osoba_s_numer) VALUES ('Czesne za rok akademicki', DATE '2024-09-01', 4000.00, 6);
INSERT INTO transakcja (tytul, data, kwota, osoba_s_numer) VALUES ('Czesne rata 1', DATE '2024-08-25', 2000.00, 7);
INSERT INTO transakcja (tytul, data, kwota, osoba_s_numer) VALUES ('Czesne rata 2', DATE '2025-01-15', 2000.00, 7);
INSERT INTO transakcja (tytul, data, kwota, osoba_s_numer) VALUES ('Opłata czesne semestr letni', DATE '2025-02-01', 2000.00, 8);
INSERT INTO transakcja (tytul, data, kwota, osoba_s_numer) VALUES ('Opłata czesne semestr zimowy', DATE '2024-09-10', 2000.00, 9);
INSERT INTO transakcja (tytul, data, kwota, osoba_s_numer) VALUES ('Czesne całość', DATE '2024-09-05', 4000.00, 10);
INSERT INTO transakcja (tytul, data, kwota, osoba_s_numer) VALUES ('Czesne pierwsza rata', DATE '2024-08-30', 2000.00, 11);
INSERT INTO transakcja (tytul, data, kwota, osoba_s_numer) VALUES ('Czesne druga rata', DATE '2025-01-10', 2000.00, 11);
INSERT INTO transakcja (tytul, data, kwota, osoba_s_numer) VALUES ('Przelew za czesne', DATE '2024-09-15', 2000.00, 12);
INSERT INTO transakcja (tytul, data, kwota, osoba_s_numer) VALUES ('Czesne za studia', DATE '2024-10-01', 2000.00, 13);
INSERT INTO transakcja (tytul, data, kwota, osoba_s_numer) VALUES ('Czesne - rok 1', DATE '2024-09-01', 4000.00, 14);
INSERT INTO transakcja (tytul, data, kwota, osoba_s_numer) VALUES ('Czesne semestr 1', DATE '2024-09-01', 2000.00, 15);
INSERT INTO transakcja (tytul, data, kwota, osoba_s_numer) VALUES ('Czesne semestr 2', DATE '2025-02-01', 2000.00, 15);
INSERT INTO transakcja (tytul, data, kwota, osoba_s_numer) VALUES ('Opłata za czesne', DATE '2024-09-05', 2000.00, 16);
INSERT INTO transakcja (tytul, data, kwota, osoba_s_numer) VALUES ('Czesne semestr I', DATE '2024-09-10', 2000.00, 17);
INSERT INTO transakcja (tytul, data, kwota, osoba_s_numer) VALUES ('Czesne semestr II', DATE '2025-02-05', 2000.00, 18);
INSERT INTO transakcja (tytul, data, kwota, osoba_s_numer) VALUES ('Czesne pełna kwota', DATE '2024-09-01', 4000.00, 19);
INSERT INTO transakcja (tytul, data, kwota, osoba_s_numer) VALUES ('Rata 1 czesne za studia', DATE '2024-10-01', 2000.00, 20);
INSERT INTO transakcja (tytul, data, kwota, osoba_s_numer) VALUES ('Rata 2 czesne za studia', DATE '2025-01-15', 2000.00, 20);
INSERT INTO transakcja (tytul, data, kwota, osoba_s_numer) VALUES ('Czesne za rok I', DATE '2024-09-10', 4000.00, 21);
INSERT INTO transakcja (tytul, data, kwota, osoba_s_numer) VALUES ('Czesne - pełna kwota', DATE '2024-09-25', 4000.00, 22);
INSERT INTO transakcja (tytul, data, kwota, osoba_s_numer) VALUES ('Czesne semestr zimowy', DATE '2024-09-15', 2000.00, 23);
INSERT INTO transakcja (tytul, data, kwota, osoba_s_numer) VALUES ('Czesne semestr letni', DATE '2025-02-20', 2000.00, 24);
INSERT INTO transakcja (tytul, data, kwota, osoba_s_numer) VALUES ('Opłata czesne semestr 1', DATE '2024-09-05', 2000.00, 25);
INSERT INTO transakcja (tytul, data, kwota, osoba_s_numer) VALUES ('Opłata czesne semestr 2', DATE '2025-02-10', 2000.00, 25);
INSERT INTO transakcja (tytul, data, kwota, osoba_s_numer) VALUES ('Czesne I rata', DATE '2024-09-01', 2000.00, 26);
INSERT INTO transakcja (tytul, data, kwota, osoba_s_numer) VALUES ('Czesne II rata', DATE '2025-01-30', 2000.00, 26);
INSERT INTO transakcja (tytul, data, kwota, osoba_s_numer) VALUES ('Przelew czesne 1', DATE '2024-10-05', 2000.00, 27);
INSERT INTO transakcja (tytul, data, kwota, osoba_s_numer) VALUES ('Przelew czesne 2', DATE '2025-02-25', 2000.00, 27);
INSERT INTO transakcja (tytul, data, kwota, osoba_s_numer) VALUES ('Czesne za semestr', DATE '2024-09-15', 2000.00, 28);
INSERT INTO transakcja (tytul, data, kwota, osoba_s_numer) VALUES ('Czesne I semestr', DATE '2024-09-05', 2000.00, 29);
INSERT INTO transakcja (tytul, data, kwota, osoba_s_numer) VALUES ('Czesne II semestr', DATE '2025-02-05', 2000.00, 29);
INSERT INTO transakcja (tytul, data, kwota, osoba_s_numer) VALUES ('Czesne pierwsza rata', DATE '2024-09-10', 2000.00, 30);
INSERT INTO transakcja (tytul, data, kwota, osoba_s_numer) VALUES ('Czesne druga rata', DATE '2025-01-20', 2000.00, 30);
INSERT INTO transakcja (tytul, data, kwota, osoba_s_numer) VALUES ('Opłata czesne semestr zimowy', DATE '2024-09-15', 2000.00, 31);
INSERT INTO transakcja (tytul, data, kwota, osoba_s_numer) VALUES ('Opłata czesne semestr letni', DATE '2025-02-15', 2000.00, 32);
INSERT INTO transakcja (tytul, data, kwota, osoba_s_numer) VALUES ('Czesne pełna kwota semestr 1', DATE '2024-09-01', 4000.00, 33);
INSERT INTO transakcja (tytul, data, kwota, osoba_s_numer) VALUES ('Czesne pełna kwota semestr 2', DATE '2025-02-05', 4000.00, 33);
INSERT INTO transakcja (tytul, data, kwota, osoba_s_numer) VALUES ('Czesne całość', DATE '2024-08-30', 4000.00, 34);
INSERT INTO transakcja (tytul, data, kwota, osoba_s_numer) VALUES ('Rata czesnego', DATE '2024-09-10', 2000.00, 35);
INSERT INTO transakcja (tytul, data, kwota, osoba_s_numer) VALUES ('Czesne 1', DATE '2024-09-01', 2000.00, 36);
INSERT INTO transakcja (tytul, data, kwota, osoba_s_numer) VALUES ('Czesne 2', DATE '2025-01-15', 2000.00, 36);
INSERT INTO transakcja (tytul, data, kwota, osoba_s_numer) VALUES ('Rata I czesnego', DATE '2024-09-15', 2000.00, 37);
INSERT INTO transakcja (tytul, data, kwota, osoba_s_numer) VALUES ('Rata II czesnego', DATE '2025-02-05', 2000.00, 37);
INSERT INTO transakcja (tytul, data, kwota, osoba_s_numer) VALUES ('Przelew czesne 1', DATE '2024-08-20', 2000.00, 38);
INSERT INTO transakcja (tytul, data, kwota, osoba_s_numer) VALUES ('Przelew czesne 2', DATE '2025-02-15', 2000.00, 38);
INSERT INTO transakcja (tytul, data, kwota, osoba_s_numer) VALUES ('Czesne pierwsza rata', DATE '2024-09-10', 2000.00, 39);
INSERT INTO transakcja (tytul, data, kwota, osoba_s_numer) VALUES ('Czesne druga rata', DATE '2025-01-25', 2000.00, 39);
INSERT INTO transakcja (tytul, data, kwota, osoba_s_numer) VALUES ('Opłata czesne semestr letni', DATE '2025-02-05', 2000.00, 40);
INSERT INTO transakcja (tytul, data, kwota, osoba_s_numer) VALUES ('Opłata czesne semestr zimowy', DATE '2024-09-10', 2000.00, 40);
INSERT INTO transakcja (tytul, data, kwota, osoba_s_numer) VALUES ('Czesne pełna kwota', DATE '2024-09-01', 4000.00, 41);
INSERT INTO transakcja (tytul, data, kwota, osoba_s_numer) VALUES ('Czesne I semestr', DATE '2024-09-10', 2000.00, 42);
INSERT INTO transakcja (tytul, data, kwota, osoba_s_numer) VALUES ('Czesne II semestr', DATE '2025-02-10', 2000.00, 42);
INSERT INTO transakcja (tytul, data, kwota, osoba_s_numer) VALUES ('Czesne pełna kwota semestr 1', DATE '2024-09-01', 4000.00, 43);
INSERT INTO transakcja (tytul, data, kwota, osoba_s_numer) VALUES ('Czesne pełna kwota semestr 2', DATE '2025-02-15', 4000.00, 43);
INSERT INTO transakcja (tytul, data, kwota, osoba_s_numer) VALUES ('Czesne pełna kwota semestr 2', DATE '2025-02-15', 12000.00, 1);
INSERT INTO transakcja (tytul, data, kwota, osoba_s_numer) VALUES ('Wypłata za maj', DATE '2025-06-15', 12000.00, 80);
INSERT INTO transakcja (tytul, data, kwota, osoba_s_numer) VALUES ('Wypłata za maj', DATE '2025-06-15', 12000.00, 81);
INSERT INTO transakcja (tytul, data, kwota, osoba_s_numer) VALUES ('Wypłata za czerwiec', DATE '2025-07-15', 12000.00, 80);
INSERT INTO transakcja (tytul, data, kwota, osoba_s_numer) VALUES ('Wypłata za maj', DATE '2025-06-15', 12000.00, 80);
INSERT INTO transakcja (tytul, data, kwota, osoba_s_numer) VALUES ('Wypłata za maj', DATE '2025-06-15', 12000.00, 81);
INSERT INTO transakcja (tytul, data, kwota, osoba_s_numer) VALUES ('Wypłata za czerwiec', DATE '2025-07-15', 12000.00, 80);

INSERT INTO student (osoba_s_numer, wysokosc_czesnego, naleznosci) VALUES (1, 2000.00, 10024.00);
INSERT INTO student (osoba_s_numer, wysokosc_czesnego, naleznosci) VALUES (2, 2000.00, 12000.00);
INSERT INTO student (osoba_s_numer, wysokosc_czesnego, naleznosci) VALUES (3, 2300.00, 16000.00);
INSERT INTO student (osoba_s_numer, wysokosc_czesnego, naleznosci) VALUES (4, 2000.00, 17500.00);
INSERT INTO student (osoba_s_numer, wysokosc_czesnego, naleznosci) VALUES (5, 2000.00, 14000.00);
INSERT INTO student (osoba_s_numer, wysokosc_czesnego, naleznosci) VALUES (6, 2600.00, 18000.00);
INSERT INTO student (osoba_s_numer, wysokosc_czesnego, naleznosci) VALUES (7, 2000.00, 13000.00);
INSERT INTO student (osoba_s_numer, wysokosc_czesnego, naleznosci) VALUES (8, 2000.00, 11000.00);
INSERT INTO student (osoba_s_numer, wysokosc_czesnego, naleznosci) VALUES (9, 2300.00, 16500.00);
INSERT INTO student (osoba_s_numer, wysokosc_czesnego, naleznosci) VALUES (10, 2000.00, 15000.00);
INSERT INTO student (osoba_s_numer, wysokosc_czesnego, naleznosci) VALUES (11, 2000.00, 17000.00);
INSERT INTO student (osoba_s_numer, wysokosc_czesnego, naleznosci) VALUES (12, 2300.00, 14000.00);
INSERT INTO student (osoba_s_numer, wysokosc_czesnego, naleznosci) VALUES (13, 2000.00, 16000.00);
INSERT INTO student (osoba_s_numer, wysokosc_czesnego, naleznosci) VALUES (14, 2000.00, 15000.00);
INSERT INTO student (osoba_s_numer, wysokosc_czesnego, naleznosci) VALUES (15, 2600.00, 15500.00);
INSERT INTO student (osoba_s_numer, wysokosc_czesnego, naleznosci) VALUES (16, 2000.00, 18000.00);
INSERT INTO student (osoba_s_numer, wysokosc_czesnego, naleznosci) VALUES (17, 2000.00, 13000.00);
INSERT INTO student (osoba_s_numer, wysokosc_czesnego, naleznosci) VALUES (18, 2000.00, 12000.00);
INSERT INTO student (osoba_s_numer, wysokosc_czesnego, naleznosci) VALUES (19, 2300.00, 17000.00);
INSERT INTO student (osoba_s_numer, wysokosc_czesnego, naleznosci) VALUES (20, 2000.00, 14500.00);
INSERT INTO student (osoba_s_numer, wysokosc_czesnego, naleznosci) VALUES (21, 2000.00, 15000.00);
INSERT INTO student (osoba_s_numer, wysokosc_czesnego, naleznosci) VALUES (22, 2300.00, 14000.00);
INSERT INTO student (osoba_s_numer, wysokosc_czesnego, naleznosci) VALUES (23, 2000.00, 17500.00);
INSERT INTO student (osoba_s_numer, wysokosc_czesnego, naleznosci) VALUES (24, 2000.00, 12500.00);
INSERT INTO student (osoba_s_numer, wysokosc_czesnego, naleznosci) VALUES (25, 2300.00, 16000.00);
INSERT INTO student (osoba_s_numer, wysokosc_czesnego, naleznosci) VALUES (26, 2600.00, 19000.00);
INSERT INTO student (osoba_s_numer, wysokosc_czesnego, naleznosci) VALUES (27, 2000.00, 14500.00);
INSERT INTO student (osoba_s_numer, wysokosc_czesnego, naleznosci) VALUES (28, 2000.00, 13500.00);
INSERT INTO student (osoba_s_numer, wysokosc_czesnego, naleznosci) VALUES (29, 2300.00, 15000.00);
INSERT INTO student (osoba_s_numer, wysokosc_czesnego, naleznosci) VALUES (30, 2000.00, 16000.00);
INSERT INTO student (osoba_s_numer, wysokosc_czesnego, naleznosci) VALUES (31, 2000.00, 14000.00);
INSERT INTO student (osoba_s_numer, wysokosc_czesnego, naleznosci) VALUES (32, 2300.00, 15500.00);
INSERT INTO student (osoba_s_numer, wysokosc_czesnego, naleznosci) VALUES (33, 2000.00, 14500.00);
INSERT INTO student (osoba_s_numer, wysokosc_czesnego, naleznosci) VALUES (34, 2600.00, 18500.00);
INSERT INTO student (osoba_s_numer, wysokosc_czesnego, naleznosci) VALUES (35, 2000.00, 17500.00);
INSERT INTO student (osoba_s_numer, wysokosc_czesnego, naleznosci) VALUES (36, 2300.00, 15000.00);
INSERT INTO student (osoba_s_numer, wysokosc_czesnego, naleznosci) VALUES (37, 2000.00, 12500.00);
INSERT INTO student (osoba_s_numer, wysokosc_czesnego, naleznosci) VALUES (38, 2300.00, 14000.00);
INSERT INTO student (osoba_s_numer, wysokosc_czesnego, naleznosci) VALUES (39, 2000.00, 16000.00);
INSERT INTO student (osoba_s_numer, wysokosc_czesnego, naleznosci) VALUES (40, 2000.00, 15000.00);
INSERT INTO student (osoba_s_numer, wysokosc_czesnego, naleznosci) VALUES (41, 2300.00, 14500.00);
INSERT INTO student (osoba_s_numer, wysokosc_czesnego, naleznosci) VALUES (42, 2000.00, 13000.00);
INSERT INTO student (osoba_s_numer, wysokosc_czesnego, naleznosci) VALUES (43, 2000.00, 15000.00);
INSERT INTO student (osoba_s_numer, wysokosc_czesnego, naleznosci) VALUES (44, 2300.00, 16000.00);
INSERT INTO student (osoba_s_numer, wysokosc_czesnego, naleznosci) VALUES (45, 2600.00, 18000.00);
INSERT INTO student (osoba_s_numer, wysokosc_czesnego, naleznosci) VALUES (46, 2000.00, 14000.00);
INSERT INTO student (osoba_s_numer, wysokosc_czesnego, naleznosci) VALUES (47, 2000.00, 15500.00);
INSERT INTO student (osoba_s_numer, wysokosc_czesnego, naleznosci) VALUES (48, 2300.00, 17500.00);
INSERT INTO student (osoba_s_numer, wysokosc_czesnego, naleznosci) VALUES (49, 2000.00, 16500.00);
INSERT INTO student (osoba_s_numer, wysokosc_czesnego, naleznosci) VALUES (50, 2000.00, 14500.00);
INSERT INTO student (osoba_s_numer, wysokosc_czesnego, naleznosci) VALUES (51, 2300.00, 15000.00);
INSERT INTO student (osoba_s_numer, wysokosc_czesnego, naleznosci) VALUES (52, 2000.00, 16000.00);
INSERT INTO student (osoba_s_numer, wysokosc_czesnego, naleznosci) VALUES (53, 2300.00, 14500.00);
INSERT INTO student (osoba_s_numer, wysokosc_czesnego, naleznosci) VALUES (54, 2000.00, 17000.00);
INSERT INTO student (osoba_s_numer, wysokosc_czesnego, naleznosci) VALUES (55, 2000.00, 15000.00);
INSERT INTO student (osoba_s_numer, wysokosc_czesnego, naleznosci) VALUES (56, 2300.00, 16000.00);
INSERT INTO student (osoba_s_numer, wysokosc_czesnego, naleznosci) VALUES (57, 2000.00, 17500.00);
INSERT INTO student (osoba_s_numer, wysokosc_czesnego, naleznosci) VALUES (58, 2000.00, 13000.00);
INSERT INTO student (osoba_s_numer, wysokosc_czesnego, naleznosci) VALUES (59, 2300.00, 14500.00);
INSERT INTO student (osoba_s_numer, wysokosc_czesnego, naleznosci) VALUES (60, 2600.00, 19000.00);
INSERT INTO student (osoba_s_numer, wysokosc_czesnego, naleznosci) VALUES (61, 2000.00, 16000.00);
INSERT INTO student (osoba_s_numer, wysokosc_czesnego, naleznosci) VALUES (62, 2000.00, 17000.00);
INSERT INTO student (osoba_s_numer, wysokosc_czesnego, naleznosci) VALUES (63, 2300.00, 18000.00);
INSERT INTO student (osoba_s_numer, wysokosc_czesnego, naleznosci) VALUES (64, 2300.00, 17500.00);
INSERT INTO student (osoba_s_numer, wysokosc_czesnego, naleznosci) VALUES (65, 2000.00, 16000.00);
INSERT INTO student (osoba_s_numer, wysokosc_czesnego, naleznosci) VALUES (66, 2300.00, 14000.00);
INSERT INTO student (osoba_s_numer, wysokosc_czesnego, naleznosci) VALUES (67, 2600.00, 18500.00);
INSERT INTO student (osoba_s_numer, wysokosc_czesnego, naleznosci) VALUES (68, 2000.00, 15000.00);
INSERT INTO student (osoba_s_numer, wysokosc_czesnego, naleznosci) VALUES (69, 2300.00, 16000.00);

INSERT INTO grupa (kod) VALUES ('1w');
INSERT INTO grupa (kod) VALUES ('2w');
INSERT INTO grupa (kod) VALUES ('1c');
INSERT INTO grupa (kod) VALUES ('2c');
INSERT INTO grupa (kod) VALUES ('3c');
INSERT INTO grupa (kod) VALUES ('4c');
INSERT INTO grupa (kod) VALUES ('5c');
INSERT INTO grupa (kod) VALUES ('6c');
INSERT INTO grupa (kod) VALUES ('7c');
INSERT INTO grupa (kod) VALUES ('1l');
INSERT INTO grupa (kod) VALUES ('2l');
INSERT INTO grupa (kod) VALUES ('3l');
INSERT INTO grupa (kod) VALUES ('4l');
INSERT INTO grupa (kod) VALUES ('5l');
INSERT INTO grupa (kod) VALUES ('6l');
INSERT INTO grupa (kod) VALUES ('7l');

INSERT INTO student_grupa (student_osoba_s_numer, grupa_kod) VALUES (1, '1w');
INSERT INTO student_grupa (student_osoba_s_numer, grupa_kod) VALUES (1, '1c');
INSERT INTO student_grupa (student_osoba_s_numer, grupa_kod) VALUES (1, '1l');

INSERT INTO student_grupa (student_osoba_s_numer, grupa_kod) VALUES (2, '1w');
INSERT INTO student_grupa (student_osoba_s_numer, grupa_kod) VALUES (2, '2c');
INSERT INTO student_grupa (student_osoba_s_numer, grupa_kod) VALUES (2, '2l');

INSERT INTO student_grupa (student_osoba_s_numer, grupa_kod) VALUES (3, '1w');
INSERT INTO student_grupa (student_osoba_s_numer, grupa_kod) VALUES (3, '3c');
INSERT INTO student_grupa (student_osoba_s_numer, grupa_kod) VALUES (3, '3l');

INSERT INTO student_grupa (student_osoba_s_numer, grupa_kod) VALUES (4, '2w');
INSERT INTO student_grupa (student_osoba_s_numer, grupa_kod) VALUES (4, '4c');
INSERT INTO student_grupa (student_osoba_s_numer, grupa_kod) VALUES (4, '4l');

INSERT INTO student_grupa (student_osoba_s_numer, grupa_kod) VALUES (5, '1w');
INSERT INTO student_grupa (student_osoba_s_numer, grupa_kod) VALUES (5, '5c');
INSERT INTO student_grupa (student_osoba_s_numer, grupa_kod) VALUES (5, '5l');

INSERT INTO student_grupa (student_osoba_s_numer, grupa_kod) VALUES (6, '2w');
INSERT INTO student_grupa (student_osoba_s_numer, grupa_kod) VALUES (6, '6c');
INSERT INTO student_grupa (student_osoba_s_numer, grupa_kod) VALUES (6, '6l');

INSERT INTO student_grupa (student_osoba_s_numer, grupa_kod) VALUES (7, '1w');
INSERT INTO student_grupa (student_osoba_s_numer, grupa_kod) VALUES (7, '7c');
INSERT INTO student_grupa (student_osoba_s_numer, grupa_kod) VALUES (7, '7l');

INSERT INTO student_grupa (student_osoba_s_numer, grupa_kod) VALUES (8, '2w');
INSERT INTO student_grupa (student_osoba_s_numer, grupa_kod) VALUES (8, '1c');
INSERT INTO student_grupa (student_osoba_s_numer, grupa_kod) VALUES (8, '1l');

INSERT INTO student_grupa (student_osoba_s_numer, grupa_kod) VALUES (9, '2w');
INSERT INTO student_grupa (student_osoba_s_numer, grupa_kod) VALUES (9, '2c');
INSERT INTO student_grupa (student_osoba_s_numer, grupa_kod) VALUES (9, '2l');

INSERT INTO student_grupa (student_osoba_s_numer, grupa_kod) VALUES (10, '1w');
INSERT INTO student_grupa (student_osoba_s_numer, grupa_kod) VALUES (10, '3c');
INSERT INTO student_grupa (student_osoba_s_numer, grupa_kod) VALUES (10, '3l');

INSERT INTO student_grupa (student_osoba_s_numer, grupa_kod) VALUES (11, '2w');
INSERT INTO student_grupa (student_osoba_s_numer, grupa_kod) VALUES (11, '4c');
INSERT INTO student_grupa (student_osoba_s_numer, grupa_kod) VALUES (11, '4l');

INSERT INTO student_grupa (student_osoba_s_numer, grupa_kod) VALUES (12, '1w');
INSERT INTO student_grupa (student_osoba_s_numer, grupa_kod) VALUES (12, '5c');
INSERT INTO student_grupa (student_osoba_s_numer, grupa_kod) VALUES (12, '5l');

INSERT INTO student_grupa (student_osoba_s_numer, grupa_kod) VALUES (13, '2w');
INSERT INTO student_grupa (student_osoba_s_numer, grupa_kod) VALUES (13, '6c');
INSERT INTO student_grupa (student_osoba_s_numer, grupa_kod) VALUES (13, '6l');

INSERT INTO student_grupa (student_osoba_s_numer, grupa_kod) VALUES (14, '1w');
INSERT INTO student_grupa (student_osoba_s_numer, grupa_kod) VALUES (14, '7c');
INSERT INTO student_grupa (student_osoba_s_numer, grupa_kod) VALUES (14, '7l');

INSERT INTO student_grupa (student_osoba_s_numer, grupa_kod) VALUES (15, '2w');
INSERT INTO student_grupa (student_osoba_s_numer, grupa_kod) VALUES (15, '1c');
INSERT INTO student_grupa (student_osoba_s_numer, grupa_kod) VALUES (15, '1l');

INSERT INTO student_grupa (student_osoba_s_numer, grupa_kod) VALUES (16, '1w');
INSERT INTO student_grupa (student_osoba_s_numer, grupa_kod) VALUES (16, '2c');
INSERT INTO student_grupa (student_osoba_s_numer, grupa_kod) VALUES (16, '2l');

INSERT INTO student_grupa (student_osoba_s_numer, grupa_kod) VALUES (17, '2w');
INSERT INTO student_grupa (student_osoba_s_numer, grupa_kod) VALUES (17, '3c');
INSERT INTO student_grupa (student_osoba_s_numer, grupa_kod) VALUES (17, '3l');

INSERT INTO personel (osoba_s_numer, nip, wynagrodzenie) VALUES (80, '1234567890', 7400.00);
INSERT INTO personel (osoba_s_numer, nip, wynagrodzenie) VALUES (81, '2345678901', 8100.00);
INSERT INTO personel (osoba_s_numer, nip, wynagrodzenie) VALUES (82, '3456789012', 7500.00);
INSERT INTO personel (osoba_s_numer, nip, wynagrodzenie) VALUES (83, '4567890123', 9200.00);
INSERT INTO personel (osoba_s_numer, nip, wynagrodzenie) VALUES (84, '5678901234', 8600.00);
INSERT INTO personel (osoba_s_numer, nip, wynagrodzenie) VALUES (85, '6789012345', 7700.00);
INSERT INTO personel (osoba_s_numer, nip, wynagrodzenie) VALUES (86, '7890123456', 8300.00);
INSERT INTO personel (osoba_s_numer, nip, wynagrodzenie) VALUES (87, '8901234567', 8000.00);
INSERT INTO personel (osoba_s_numer, nip, wynagrodzenie) VALUES (88, '9012345678', 9500.00);
INSERT INTO personel (osoba_s_numer, nip, wynagrodzenie) VALUES (89, '0123456789', 7100.00);
INSERT INTO personel (osoba_s_numer, nip, wynagrodzenie) VALUES (90, '1239876540', 9800.00);

INSERT INTO plan_jakub_sterczewski_s33164 (data, grupa_kod, personel_osoba_s_numer,przedmiot_kod,typ_przedmiotu_kod, sala_nr, sala_budynek) VALUES (TO_TIMESTAMP('2025-03-24 12:15:00'), '1w', 81, 'HKJ', 'W', 102, 'H');
INSERT INTO plan_jakub_sterczewski_s33164 (data, grupa_kod, personel_osoba_s_numer,przedmiot_kod,typ_przedmiotu_kod, sala_nr, sala_budynek) VALUES (TO_TIMESTAMP('2025-03-24 14:00:00'), '1w', 81, 'AM', 'W', 302, 'B');

INSERT INTO plan_jakub_sterczewski_s33164 (data, grupa_kod, personel_osoba_s_numer,przedmiot_kod,typ_przedmiotu_kod, sala_nr, sala_budynek) VALUES (TO_TIMESTAMP('2025-03-25 08:30:00'), '1c', 81, 'WDZ', 'C', 302, 'B');
INSERT INTO plan_jakub_sterczewski_s33164 (data, grupa_kod, personel_osoba_s_numer,przedmiot_kod,typ_przedmiotu_kod, sala_nr, sala_budynek) VALUES (TO_TIMESTAMP('2025-03-25 12:15:00'), '1c', 81, 'AM', 'C', 301, 'A');
INSERT INTO plan_jakub_sterczewski_s33164 (data, grupa_kod, personel_osoba_s_numer,przedmiot_kod,typ_przedmiotu_kod, sala_nr, sala_budynek) VALUES (TO_TIMESTAMP('2025-03-25 14:00:00'), '1c', 81, 'PPJ', 'C', 204, 'B');

INSERT INTO plan_jakub_sterczewski_s33164 (data, grupa_kod, personel_osoba_s_numer,przedmiot_kod,typ_przedmiotu_kod, sala_nr, sala_budynek) VALUES (TO_TIMESTAMP('2025-03-26 08:30:00'), '1w', 81, 'PPJ', 'W', 204, 'H');
INSERT INTO plan_jakub_sterczewski_s33164 (data, grupa_kod, personel_osoba_s_numer,przedmiot_kod,typ_przedmiotu_kod, sala_nr, sala_budynek) VALUES (TO_TIMESTAMP('2025-03-26 12:15:00'), '1w', 81, 'TAK', 'W', 204, 'A');
INSERT INTO plan_jakub_sterczewski_s33164 (data, grupa_kod, personel_osoba_s_numer,przedmiot_kod,typ_przedmiotu_kod, sala_nr, sala_budynek) VALUES (TO_TIMESTAMP('2025-03-26 15:45:00'), '1l', 81, 'ANG', 'C', 103, 'B');
INSERT INTO plan_jakub_sterczewski_s33164 (data, grupa_kod, personel_osoba_s_numer,przedmiot_kod,typ_przedmiotu_kod, sala_nr, sala_budynek) VALUES (TO_TIMESTAMP('2025-03-26 17:30:00'), '2l', 80, 'WDZ', 'W', 103, 'B');
INSERT INTO plan_jakub_sterczewski_s33164 (data, grupa_kod, personel_osoba_s_numer,przedmiot_kod,typ_przedmiotu_kod, sala_nr, sala_budynek) VALUES (TO_TIMESTAMP('2025-03-26 19:00:00'), '2l', 80, 'WDZ', 'W', 204, 'B');

INSERT INTO plan_jakub_sterczewski_s33164 (data, grupa_kod, personel_osoba_s_numer,przedmiot_kod,typ_przedmiotu_kod, sala_nr, sala_budynek) VALUES (TO_TIMESTAMP('2025-03-27 14:00:00'), '1c', 81, 'PPJ', 'C', 303, 'H');
INSERT INTO plan_jakub_sterczewski_s33164 (data, grupa_kod, personel_osoba_s_numer,przedmiot_kod,typ_przedmiotu_kod, sala_nr, sala_budynek) VALUES (TO_TIMESTAMP('2025-03-27 17:30:00'), '1c', 81, 'WSI', 'C', 202, 'H');

INSERT INTO plan_jakub_sterczewski_s33164 (data, grupa_kod, personel_osoba_s_numer,przedmiot_kod,typ_przedmiotu_kod, sala_nr, sala_budynek) VALUES (TO_TIMESTAMP('2025-03-28 15:45:00'), '1w', 81, 'WDZ', 'W', 101, 'A');
INSERT INTO plan_jakub_sterczewski_s33164 (data, grupa_kod, personel_osoba_s_numer,przedmiot_kod,typ_przedmiotu_kod, sala_nr, sala_budynek) VALUES (TO_TIMESTAMP('2025-03-28 15:45:00'), '2w', 80, 'WDZ', 'W', 102, 'A');
INSERT INTO plan_jakub_sterczewski_s33164 (data, grupa_kod, personel_osoba_s_numer,przedmiot_kod,typ_przedmiotu_kod, sala_nr, sala_budynek) VALUES (TO_TIMESTAMP('2025-03-28 17:30:00'), '2w', 80, 'WDZ', 'W', 102, 'A');